{"loss": 0.3543729782104492, "accuracy": 0.8723000288009644}