{"loss": 0.2543710172176361, "accuracy": 0.9070000052452087}