{"loss": 0.2564029097557068, "accuracy": 0.9072999954223633}