{"loss": 0.2599599361419678, "accuracy": 0.9028000235557556}