{"loss": 0.2628212571144104, "accuracy": 0.9083999991416931}