{"loss": 0.2509021759033203, "accuracy": 0.9136000275611877}