{"loss": 0.2396813929080963, "accuracy": 0.9162999987602234}