{"loss": 0.24819551408290863, "accuracy": 0.9108999967575073}