{"loss": 0.24658000469207764, "accuracy": 0.9099000096321106}