{"loss": 0.27014535665512085, "accuracy": 0.9041000008583069}