{"loss": 0.31844601035118103, "accuracy": 0.8899999856948853}