{"loss": 0.4334830939769745, "accuracy": 0.8478999733924866}