epoch,loss,accuracy
1,0.7404438257217407,0.7200166583061218
2,0.6154921650886536,0.7681000232696533
3,0.5951455235481262,0.7766333222389221
4,0.5824012756347656,0.7806500196456909
5,0.5597279071807861,0.7926833629608154
6,0.5618387460708618,0.7900333404541016
7,0.5590496063232422,0.7920500040054321
8,0.5467678904533386,0.7946333289146423
9,0.5478004813194275,0.7957666516304016
10,0.5372147560119629,0.8001833558082581
