epoch,loss,accuracy
1,0.5277208685874939,0.8161666393280029
2,0.3466644585132599,0.8795333504676819
3,0.30032873153686523,0.8934500217437744
4,0.2747763991355896,0.9021333456039429
5,0.2542162835597992,0.9086666703224182
6,0.24067725241184235,0.9120166897773743
7,0.22512425482273102,0.9186166524887085
8,0.21456950902938843,0.9214166402816772
9,0.2041233628988266,0.9252499938011169
10,0.19165660440921783,0.928516685962677
