epoch,loss,accuracy
1,0.5925366282463074,0.7894833087921143
2,0.3938169479370117,0.8624833226203918
3,0.34040647745132446,0.8808833360671997
4,0.31145837903022766,0.8889999985694885
5,0.2875173091888428,0.8976333141326904
6,0.2727774381637573,0.9018166661262512
7,0.2585267722606659,0.9065333604812622
8,0.24608902633190155,0.9101666808128357
