epoch,loss,accuracy
1,0.561623752117157,0.8019499778747559
2,0.3711790442466736,0.8682833313941956
3,0.32241004705429077,0.8845499753952026
4,0.29510071873664856,0.8936833143234253
5,0.2733058035373688,0.9025166630744934
6,0.25944626331329346,0.906499981880188
7,0.24389097094535828,0.9108333587646484
8,0.23120537400245667,0.916366696357727
9,0.2220686376094818,0.9193166494369507
10,0.20863662660121918,0.9235666394233704
