epoch,loss,accuracy
1,0.5272737145423889,0.8176833391189575
