epoch,loss,accuracy
1,0.5377362966537476,0.8119500279426575
2,0.3519660532474518,0.8752833604812622
3,0.3073674440383911,0.8895333409309387
4,0.28039953112602234,0.899233341217041
5,0.2619525194168091,0.90461665391922
6,0.24595282971858978,0.911216676235199
7,0.2341950386762619,0.9142333269119263
8,0.22444282472133636,0.9178666472434998
9,0.21113091707229614,0.9232166409492493
10,0.20205937325954437,0.9259833097457886
