epoch,loss,accuracy
1,0.6949360966682434,0.7570499777793884
2,0.45125868916511536,0.8428333401679993
3,0.39651304483413696,0.860450029373169
4,0.3621979057788849,0.8725333213806152
5,0.34146028757095337,0.8810999989509583
6,0.3243228495121002,0.885533332824707
7,0.3079593777656555,0.8904333114624023
8,0.29668986797332764,0.8936333060264587
9,0.28410306572914124,0.8977166414260864
10,0.2783331274986267,0.8992499709129333
