epoch,loss,accuracy
1,0.4902111887931824,0.8272666931152344
2,0.3575587272644043,0.8691666722297668
3,0.3218427300453186,0.8809666633605957
4,0.3050832152366638,0.887066662311554
5,0.2896996736526489,0.892633318901062
6,0.27596062421798706,0.8965166807174683
7,0.26421287655830383,0.9011833071708679
8,0.25366446375846863,0.9039666652679443
9,0.2530856430530548,0.9041000008583069
10,0.23826943337917328,0.9086499810218811
