epoch,loss,accuracy
1,0.6038482785224915,0.7897999882698059
2,0.39386025071144104,0.8626833558082581
3,0.34252166748046875,0.8795166611671448
4,0.3142525851726532,0.889033317565918
5,0.29317736625671387,0.8960166573524475
6,0.2779546082019806,0.9005500078201294
7,0.26337122917175293,0.9043333530426025
8,0.25023290514945984,0.9094333052635193
9,0.24299131333827972,0.9125999808311462
10,0.23296622931957245,0.9159333109855652
