epoch,loss,accuracy
1,0.6505892872810364,0.7760000228881836
2,0.421085387468338,0.8554166555404663
3,0.3695727586746216,0.8713666796684265
4,0.3401121497154236,0.8793166875839233
5,0.32128649950027466,0.885783314704895
6,0.3029625415802002,0.8917666673660278
7,0.28863760828971863,0.8969666957855225
8,0.28046873211860657,0.8999000191688538
9,0.26828017830848694,0.9034166932106018
10,0.2578553855419159,0.9058499932289124
