epoch,loss,accuracy
1,0.565252423286438,0.7997999787330627
2,0.36958447098731995,0.8691499829292297
3,0.32006943225860596,0.8863000273704529
4,0.2944203317165375,0.8938500285148621
5,0.2713390588760376,0.902400016784668
6,0.2572484612464905,0.9063666462898254
7,0.24090035259723663,0.9110666513442993
8,0.23090104758739471,0.9150333404541016
9,0.2181461751461029,0.92044997215271
10,0.20893599092960358,0.9230666756629944
